<productinfo
  xmlns:xsi="http://www.w3.org/2001/XMLSchema-instance"
  xsi:noNamespaceSchemaLocation="http://www.mathworks.com/namespace/info/v1/info.xsd">
<?xml-stylesheet type="text/xsl" href="http://www.mathworks.com/namespace/info/v1/info.xsl"?>

<matlabrelease>13</matlabrelease>
<name>Wavelet</name>
<type>toolbox</type>
<icon>$toolbox/matlab/icons/matlabicon.gif</icon>
<help_location>$docroot/toolbox/wavelet</help_location>

<list>

<listitem>
<label>Wavelet Toolbox Main Menu (wavemenu)</label>
<callback>wavemenu</callback>
<icon>$toolbox/wavelet/wavelet/waveleticon.gif</icon>
</listitem>

<listitem>
<label>Help</label>
<callback>doc wavelet/</callback>
<icon>$toolbox/matlab/icons/book_mat.gif</icon>
</listitem>

<listitem>
<label>Demos</label>
<callback>demo toolbox Wavelet</callback>
<icon>$toolbox/matlab/icons/demoicon.gif</icon>
</listitem>

<listitem>
<label>Product Page (Web)</label>
<callback>web http://www.mathworks.com/products/wavelet/ -browser;</callback>
<icon>$toolbox/matlab/icons/webicon.gif</icon>
</listitem>

</list>

</productinfo>
